,Title,Url,Price,Rating,Mrp,Vsp,Offer_percentage,Product_highlights,Data-sku,Category,Prodcut_url,Description,Gtin,Availablility,BRAND,MODEL NAME,SERIES,SKU,TYPE,SUITABLE FOR,COLOR,OS,OS VERSION,OS ARCHITECTURE,PROCESSOR BRAND,PROCESSOR,VARIENT,CHIPSET,SPEED,CACHE,SCREEN SIZE,SCREEN TYPE,TOUCHSCREEN,RESOLUTION,ADDITIONAL DISPLAY FEATURES,RAM,EXPANDABLE RAM,RAM FREQUENCY,HARDWARE INTERFACE,SD CAPACITY,HDD CAPACITY,EXPANDABLE STORAGE,CAPACITY,LIFE,CELL,POWER SUPPLY,USB,HDMI,MULTI CARD SLOT,RJ45 LAN,HEADPHONE JACK,EYBOARD,BACKLIT KEYBOARD,POINTER DEVICE,WEB CAMERA,INTERNAL MIC,SPEAKERS,SOUND,ETHERNET,BLUETOOTH,WIRELESS LAN,ANTIVIRUS,BIOMETRICS,LOCK PORT,INCLUDED,Generic Name,Country of origin,Country of Manufacturer,Manufacturers Details,Importer Detail,Packers Details,Manufactured Month Year,Item Available From Date,Product Dimensions with Box (W x D x H),Product Weight with Box,Product Dimensions With Stand & Box(W x D x H),Product Weight With Stand & Box,Product Dimensions(W x D x H),Product Weight,SSD CAPACITY,KEYBOARD,Office,OTHER PORTS,MODEL COLOR,SIM TYPE,SIM TRAY TYPE,DISPLAY SIZE,PANEL TYPE,SCREEN RESOLUTION,RESOLUTION TYPE,REFRESH RATE,OTHER DISPLAY FEATURES,CUSTOM UI,INTERNAL STORAGE,REAR CAMERA,REAR CAMERA SETUP,REAR CAMERA FEATURES,FRONT CAMERA,FRONT CAMERA SETUP,FRONT CAMERA FEATURES,FLASH,VIDEO RECORDING,WI-FI,PORTS,WATER RESISTANCE,OTHER SENSORS,SOFTWARE & MULTIMEDIA,WIDTH,HEIGHT,Length,WEIGHT,OTHER
0,ASUS Vivobook 15 Laptop (11th Gen Core i3/ 8GB/ 512GB SSD/ 15.6 inch (39.62 cm)/FHD Display/Intel UHD Graphics/ Win11/ MSOffice/ X1500EA-EJ327WS),https://www.vijaysales.com/asus-vivobook-15-laptop-11th-gen-core-i3-8gb-512gb-ssd-15-6-inches-39-62-cm-intel-uhd-graphics-windows-11-ms-office-x1500ea-ej327ws/24530,"Offer Price₹31,990",★4.6,"₹49,990","₹34,900","36% off (You Save ₹18,000)","Windows 11 Home
15.6-inch (39.62 cm) FHD (1920 x 1080) LED Backlit Anti-glare display
11th Generation Core i3 Prcoessor
8GB DDR4 on board
512GB M.2 NVMe™ PCIe® 3.0 SSD
Intel® UHD Graphics
Built-in speaker1 Year Manufacturer Warranty",219462,Laptop & Printer,https://www.vijaysales.com/ASUS-Vivobook-15-Laptop-11th-Gen-Core-i3-8GB-512GB-SSD-15-6-inches-39-62-cm-Intel-UHD-Graphics-Windows-11-MS-Office-X1500EA-EJ327WS-24530,"asus vivobook 15 laptop (11th gen core i3/ 8gb/ 512gb ssd/ 15.6 inch (39.62 cm)/fhd display/intel uhd graphics/ win11/ msoffice/ x1500ea-ej327ws) best Price in india,buy asus vivobook 15 laptop (11th gen core i3/ 8gb/ 512gb ssd/ 15.6 inch (39.62 cm)/fhd display/intel uhd graphics/ win11/ msoffice/ x1500ea-ej327ws) online in India on vijaysales.com,ASUS Vivobook 15 Laptop (11th Gen Core i3/ 8GB/ 512GB SSD/ 15.6 inch (39.62 cm)/FHD Display/Intel UHD Graphics/ Win11/ MSOffice/ X1500EA-EJ327WS) reviews.ASUS Vivobook 15 Laptop (11th Gen Core i3/ 8GB/ 512GB SSD/ 15.6 inch (39.62 cm)/FHD Display/Intel UHD Graphics/ Win11/ MSOffice/ X1500EA-EJ327WS) ratings, features, specifications, Free Shipping, EMI option.",4711387136751,https://schema.org/Yes,ASUS,X1500EA-EJ327WS,Asus VivoBook 15,X1500EAEJ327WS,"Laptop,Intergrated,37WHrs, 2S1P, 2-cell Li-ion",Processing & Multitasking,Indie Black,Microsoft Windows,Windows 11 Home,64 bit,Intel,"11th Generation,Intel® UHD Graphics",Core i3,1115G4,Up to 4.1 GHz,6M Cache,15.6-inch (39.62 cm),FHD (1920 x 1080) LED Backlit Anti-glare display,No,1920 x 1080 pixels,"16:9 aspect ratio
60Hz refresh rate
200nits Brightness
45% NTSC color gamut
83 ? Screen-to-body ratio",8GB DDR4 on board,Need to remove bottom/top caseNeed to remove bottom/top case1x DDR4 SO-DIMM slot,,DDR4,512GB M.2 NVMe™ PCIe® 3.0 SSD,No,1x M.2 2280 PCIe 3.0x41x STD 2.5” SATA HDD,Shared,,3 Cell,"ø4.0, 45W AC Adapter, Output: 19V DC, 2.37A, 45W, Input: 100~240V AC 50/60Hz universal","1x USB 3.2 Gen 1 Type-A
1x USB 3.2 Gen 1 Type-C
2x USB 2.0 Type-A
1x DC-in",1x HDMI 1.4,No,No,1x 3.5mm Combo Audio Jack,Chiclet Keyboard with Num-key,No,Touchpad,VGA camera,Built-in microphone,Built-in speaker,,No,Bluetooth® 5.1 Wireless Card,Wi-Fi 5(802.11ac) (Dual band) 1*1,McAfee® LiveSafe™ 1 year,No,,Office Home and Student 2021 included,Laptop,China,China,ASUS,"ASUS INDIA PVT. LTD., 402 SUPREME CHAMBERS, 17/18 SHAH INDUSTRIAL ESTATE, VEERA DESAI ROAD, ANDHERI(WEST)-400053 INDIA","ASUS INDIA PVT. LTD., 402 SUPREME CHAMBERS, 17/18 SHAH INDUSTRIAL ESTATE, VEERA DESAI ROAD, ANDHERI(WEST)-400053 INDIA",,01 Jul 2023,,,,,36.00 x 1.99 x 23.50 cm,1.80 kg,NA,NA,NA,NA,NA,NA,NA,NA,NA,NA,NA,NA,NA,NA,NA,NA,NA,NA,NA,NA,NA,NA,NA,NA,NA,NA,NA,NA,NA,NA,NA,NA,NA
1,ASUS Vivobook 15 Laptop (11th Gen Core i3/ 8GB/ 512GB SSD/ 15.6 inch (39.62 cm)/FHD Display/Intel UHD Graphics/ Win11/ MSOffice/ X1500EA-EJ327WS),https://www.vijaysales.com/asus-vivobook-15-laptop-11th-gen-core-i3-8gb-512gb-ssd-15-6-inches-39-62-cm-intel-uhd-graphics-windows-11-ms-office-x1500ea-ej327ws/24530,"Offer Price₹31,990",★4.6,"₹49,990","₹34,900","36% off (You Save ₹18,000)","Windows 11 Home
15.6-inch (39.62 cm) FHD (1920 x 1080) LED Backlit Anti-glare display
11th Generation Core i3 Prcoessor
8GB DDR4 on board
512GB M.2 NVMe™ PCIe® 3.0 SSD
Intel® UHD Graphics
Built-in speaker1 Year Manufacturer Warranty",219462,Laptop & Printer,https://www.vijaysales.com/ASUS-Vivobook-15-Laptop-11th-Gen-Core-i3-8GB-512GB-SSD-15-6-inches-39-62-cm-Intel-UHD-Graphics-Windows-11-MS-Office-X1500EA-EJ327WS-24530,"asus vivobook 15 laptop (11th gen core i3/ 8gb/ 512gb ssd/ 15.6 inch (39.62 cm)/fhd display/intel uhd graphics/ win11/ msoffice/ x1500ea-ej327ws) best Price in india,buy asus vivobook 15 laptop (11th gen core i3/ 8gb/ 512gb ssd/ 15.6 inch (39.62 cm)/fhd display/intel uhd graphics/ win11/ msoffice/ x1500ea-ej327ws) online in India on vijaysales.com,ASUS Vivobook 15 Laptop (11th Gen Core i3/ 8GB/ 512GB SSD/ 15.6 inch (39.62 cm)/FHD Display/Intel UHD Graphics/ Win11/ MSOffice/ X1500EA-EJ327WS) reviews.ASUS Vivobook 15 Laptop (11th Gen Core i3/ 8GB/ 512GB SSD/ 15.6 inch (39.62 cm)/FHD Display/Intel UHD Graphics/ Win11/ MSOffice/ X1500EA-EJ327WS) ratings, features, specifications, Free Shipping, EMI option.",4711387136751,https://schema.org/Yes,ASUS,X1500EA-EJ327WS,Asus VivoBook 15,X1500EAEJ327WS,"Laptop,Intergrated,37WHrs, 2S1P, 2-cell Li-ion",Processing & Multitasking,Indie Black,Microsoft Windows,Windows 11 Home,64 bit,Intel,"11th Generation,Intel® UHD Graphics",Core i3,1115G4,Up to 4.1 GHz,6M Cache,15.6-inch (39.62 cm),FHD (1920 x 1080) LED Backlit Anti-glare display,No,1920 x 1080 pixels,"16:9 aspect ratio
60Hz refresh rate
200nits Brightness
45% NTSC color gamut
83 ? Screen-to-body ratio",8GB DDR4 on board,Need to remove bottom/top caseNeed to remove bottom/top case1x DDR4 SO-DIMM slot,,DDR4,512GB M.2 NVMe™ PCIe® 3.0 SSD,No,1x M.2 2280 PCIe 3.0x41x STD 2.5” SATA HDD,Shared,,3 Cell,"ø4.0, 45W AC Adapter, Output: 19V DC, 2.37A, 45W, Input: 100~240V AC 50/60Hz universal","1x USB 3.2 Gen 1 Type-A
1x USB 3.2 Gen 1 Type-C
2x USB 2.0 Type-A
1x DC-in",1x HDMI 1.4,No,No,1x 3.5mm Combo Audio Jack,Chiclet Keyboard with Num-key,No,Touchpad,VGA camera,Built-in microphone,Built-in speaker,,No,Bluetooth® 5.1 Wireless Card,Wi-Fi 5(802.11ac) (Dual band) 1*1,McAfee® LiveSafe™ 1 year,No,,Office Home and Student 2021 included,Laptop,China,China,ASUS,"ASUS INDIA PVT. LTD., 402 SUPREME CHAMBERS, 17/18 SHAH INDUSTRIAL ESTATE, VEERA DESAI ROAD, ANDHERI(WEST)-400053 INDIA","ASUS INDIA PVT. LTD., 402 SUPREME CHAMBERS, 17/18 SHAH INDUSTRIAL ESTATE, VEERA DESAI ROAD, ANDHERI(WEST)-400053 INDIA",,01 Jul 2023,,,,,36.00 x 1.99 x 23.50 cm,1.80 kg,NA,NA,NA,NA,NA,NA,NA,NA,NA,NA,NA,NA,NA,NA,NA,NA,NA,NA,NA,NA,NA,NA,NA,NA,NA,NA,NA,NA,NA,NA,NA,NA,NA
2,ASUS Vivobook 15 Laptop (11th Gen Core i3/ 8GB/ 512GB SSD/ 15.6 inch (39.62 cm)/FHD Display/Intel UHD Graphics/ Win11/ MSOffice/ X1500EA-EJ327WS),https://www.vijaysales.com/asus-vivobook-15-laptop-11th-gen-core-i3-8gb-512gb-ssd-15-6-inches-39-62-cm-intel-uhd-graphics-windows-11-ms-office-x1500ea-ej327ws/24530,"Offer Price₹31,990",★4.6,"₹49,990","₹34,900","36% off (You Save ₹18,000)","Windows 11 Home
15.6-inch (39.62 cm) FHD (1920 x 1080) LED Backlit Anti-glare display
11th Generation Core i3 Prcoessor
8GB DDR4 on board
512GB M.2 NVMe™ PCIe® 3.0 SSD
Intel® UHD Graphics
Built-in speaker1 Year Manufacturer Warranty",219462,Laptop & Printer,https://www.vijaysales.com/ASUS-Vivobook-15-Laptop-11th-Gen-Core-i3-8GB-512GB-SSD-15-6-inches-39-62-cm-Intel-UHD-Graphics-Windows-11-MS-Office-X1500EA-EJ327WS-24530,"asus vivobook 15 laptop (11th gen core i3/ 8gb/ 512gb ssd/ 15.6 inch (39.62 cm)/fhd display/intel uhd graphics/ win11/ msoffice/ x1500ea-ej327ws) best Price in india,buy asus vivobook 15 laptop (11th gen core i3/ 8gb/ 512gb ssd/ 15.6 inch (39.62 cm)/fhd display/intel uhd graphics/ win11/ msoffice/ x1500ea-ej327ws) online in India on vijaysales.com,ASUS Vivobook 15 Laptop (11th Gen Core i3/ 8GB/ 512GB SSD/ 15.6 inch (39.62 cm)/FHD Display/Intel UHD Graphics/ Win11/ MSOffice/ X1500EA-EJ327WS) reviews.ASUS Vivobook 15 Laptop (11th Gen Core i3/ 8GB/ 512GB SSD/ 15.6 inch (39.62 cm)/FHD Display/Intel UHD Graphics/ Win11/ MSOffice/ X1500EA-EJ327WS) ratings, features, specifications, Free Shipping, EMI option.",4711387136751,https://schema.org/Yes,ASUS,X1500EA-EJ327WS,Asus VivoBook 15,X1500EAEJ327WS,"Laptop,Intergrated,37WHrs, 2S1P, 2-cell Li-ion",Processing & Multitasking,Indie Black,Microsoft Windows,Windows 11 Home,64 bit,Intel,"11th Generation,Intel® UHD Graphics",Core i3,1115G4,Up to 4.1 GHz,6M Cache,15.6-inch (39.62 cm),FHD (1920 x 1080) LED Backlit Anti-glare display,No,1920 x 1080 pixels,"16:9 aspect ratio
60Hz refresh rate
200nits Brightness
45% NTSC color gamut
83 ? Screen-to-body ratio",8GB DDR4 on board,Need to remove bottom/top caseNeed to remove bottom/top case1x DDR4 SO-DIMM slot,,DDR4,512GB M.2 NVMe™ PCIe® 3.0 SSD,No,1x M.2 2280 PCIe 3.0x41x STD 2.5” SATA HDD,Shared,,3 Cell,"ø4.0, 45W AC Adapter, Output: 19V DC, 2.37A, 45W, Input: 100~240V AC 50/60Hz universal","1x USB 3.2 Gen 1 Type-A
1x USB 3.2 Gen 1 Type-C
2x USB 2.0 Type-A
1x DC-in",1x HDMI 1.4,No,No,1x 3.5mm Combo Audio Jack,Chiclet Keyboard with Num-key,No,Touchpad,VGA camera,Built-in microphone,Built-in speaker,,No,Bluetooth® 5.1 Wireless Card,Wi-Fi 5(802.11ac) (Dual band) 1*1,McAfee® LiveSafe™ 1 year,No,,Office Home and Student 2021 included,Laptop,China,China,ASUS,"ASUS INDIA PVT. LTD., 402 SUPREME CHAMBERS, 17/18 SHAH INDUSTRIAL ESTATE, VEERA DESAI ROAD, ANDHERI(WEST)-400053 INDIA","ASUS INDIA PVT. LTD., 402 SUPREME CHAMBERS, 17/18 SHAH INDUSTRIAL ESTATE, VEERA DESAI ROAD, ANDHERI(WEST)-400053 INDIA",,01 Jul 2023,,,,,36.00 x 1.99 x 23.50 cm,1.80 kg,NA,NA,NA,NA,NA,NA,NA,NA,NA,NA,NA,NA,NA,NA,NA,NA,NA,NA,NA,NA,NA,NA,NA,NA,NA,NA,NA,NA,NA,NA,NA,NA,NA
3,ASUS Vivobook 15 (12th Gen Core i3 / 8GB/ 512GB SSD/ 15.6 inch (39.62 cm)/ Back lit KB/Intel UHD Graphics/WiFi 6/ Win 11/ MSOffice) X1502ZA-EJ321WS,https://www.vijaysales.com/asus-vivobook-15-12th-gen-core-i3-8gb-512gb-ssd-15-6-inches-39-62-cm-intel-uhd-graphics-win-11-ms-office/24561,"Offer Price₹35,990",★4.5,"₹50,000","₹37,990","28% off (You Save ₹14,010)","Windows 11 Home
15.6-inch (39.62 cm) FHD (1920 x 1080) LED Backlit Anti-glare display
12th Generation Core i3 Processor
8GB DDR4 on board
512GB M.2 NVMe™ PCIe® 3.0 SSD
Intel® UHD Graphics
Built-in speaker
SonicMaster1 Year Manufacturer Warranty",219627,Laptop & Printer,https://www.vijaysales.com/ASUS-Vivobook-15-12th-Gen-Core-i3-8GB-512GB-SSD-15-6-inches-39-62-cm-Intel-UHD-Graphics-Win-11-MS-Office-24561,"asus vivobook 15 (12th gen core i3 / 8gb/ 512gb ssd/ 15.6 inch (39.62 cm)/ back lit kb/intel uhd graphics/wifi 6/ win 11/ msoffice) x1502za-ej321ws best Price in india,buy asus vivobook 15 (12th gen core i3 / 8gb/ 512gb ssd/ 15.6 inch (39.62 cm)/ back lit kb/intel uhd graphics/wifi 6/ win 11/ msoffice) x1502za-ej321ws online in India on vijaysales.com,ASUS Vivobook 15 (12th Gen Core i3 / 8GB/ 512GB SSD/ 15.6 inch (39.62 cm)/ Back lit KB/Intel UHD Graphics/WiFi 6/ Win 11/ MSOffice) X1502ZA-EJ321WS reviews.ASUS Vivobook 15 (12th Gen Core i3 / 8GB/ 512GB SSD/ 15.6 inch (39.62 cm)/ Back lit KB/Intel UHD Graphics/WiFi 6/ Win 11/ MSOffice) X1502ZA-EJ321WS ratings, features, specifications, Free Shipping, EMI option.",4711387011966,https://schema.org/Yes,ASUS,X1502ZA-EJ321WS,ASUS Vivobook 15,X1502ZAEJ321WS,"Laptop,Intergrated,42WHrs, 3S1P, 3-cell Li-ion",Processing & Multitasking,Quiet Blue,Microsoft Windows,Windows 11 Home,64 bit,Intel,"12th Generation,Intel® UHD Graphics",Core i3,1215U,Up to 4.4 GHz,10M Cache,15.6-inch (39.62 cm),FHD (1920 x 1080) LED Backlit Anti-glare display,No,1920 x 1080 pixels,"16:9 aspect ratio
60Hz refresh rate
220nits Brightness
45% NTSC color gamut
TÜV Rheinland-certified
82 ? Screen-to-body ratio",8GB DDR4 on board,1x DDR4 SO-DIMM slot,,DDR4,512GB M.2 NVMe™ PCIe® 3.0 SSD,,1x M.2 2280 PCIe 4.0x4,Shared,,3 Cell,"ø4.5, 45W AC Adapter, Output: 19V DC, 2.37A, 45W, Input: 100~240V AC 50/60Hz universal","1x USB 2.0 Type-A
1x USB 3.2 Gen 1 Type-C
2x USB 3.2 Gen 1 Type-A
1x DC-in",1x HDMI 1.4,No,No,1x 3.5mm Combo Audio Jack,Backlit Chiclet Keyboard,Yes,Touchpad,"720p HD camera 
 With privacy shutter",Built-in microphone,Built-in speaker,SonicMaster,No,Bluetooth® 5.3 Wireless Card,Wi-Fi 6(802.11ax) (Dual band) 2*2,McAfee® LiveSafe™ 1 year,No,,Office Home and Student 2021 included,Laptop,China,China,ASUS,"ASUS INDIA PVT. LTD., 402 SUPREME CHAMBERS, 17/18 SHAH INDUSTRIAL ESTATE, VEERA DESAI ROAD, ANDHERI(WEST)-400053 INDIA","ASUS INDIA PVT. LTD., 402 SUPREME CHAMBERS, 17/18 SHAH INDUSTRIAL ESTATE, VEERA DESAI ROAD, ANDHERI(WEST)-400053 INDIA",,15 Jul 2023,,,,,35.97 x 1.99 x 23.25 cm,1.70 kg,NA,NA,NA,NA,NA,NA,NA,NA,NA,NA,NA,NA,NA,NA,NA,NA,NA,NA,NA,NA,NA,NA,NA,NA,NA,NA,NA,NA,NA,NA,NA,NA,NA
4,Asus Vivobook Go 14 Laptop (Ryzen 3 / 8 GB RAM / 512GB SSD/ 14 inch (35.56 cm) Display/Thin & Light/Radeon Graphics/ Win 11/ Office/E1404FA-NK321WS,https://www.vijaysales.com/asus-vivobook-go-14-e1404fa-nk321ws-laptop-amd-ryzen-3-8-gb-ram-512gb-ssd-14-inch-35-56-cm-display-amd-radeon-graphics-windows-11-office/23933,"Offer Price₹33,990",★4.5,"₹50,990","₹35,990","33% off (You Save ₹17,000)","Windows 11 Home
14 inch (35.56 cm) FHD (1920 x 1080) LED Backlit Anti-glare display
AMD Ryzen™ 3 Processor
8GB LPDDR5 on board
512GB M.2 NVMe™ PCIe® 3.0 SSD
AMD Radeon™ Graphics
SonicMaster
Built-in speaker1 Year Manufacturer Warranty",215619,Laptop & Printer,https://www.vijaysales.com/Asus-Vivobook-Go-14-E1404FA-NK321WS-Laptop-AMD-Ryzen-3-8-GB-RAM-512GB-SSD-14-inch-35-56-cm-Display-AMD-Radeon-Graphics-Windows-11-Office-23933,"asus vivobook go 14 laptop (ryzen 3 / 8 gb ram / 512gb ssd/ 14 inch (35.56 cm) display/thin & light/radeon graphics/ win 11/ office/e1404fa-nk321ws best Price in india,buy asus vivobook go 14 laptop (ryzen 3 / 8 gb ram / 512gb ssd/ 14 inch (35.56 cm) display/thin & light/radeon graphics/ win 11/ office/e1404fa-nk321ws online in India on vijaysales.com,Asus Vivobook Go 14 Laptop (Ryzen 3 / 8 GB RAM / 512GB SSD/ 14 inch (35.56 cm) Display/Thin & Light/Radeon Graphics/ Win 11/ Office/E1404FA-NK321WS reviews.Asus Vivobook Go 14 Laptop (Ryzen 3 / 8 GB RAM / 512GB SSD/ 14 inch (35.56 cm) Display/Thin & Light/Radeon Graphics/ Win 11/ Office/E1404FA-NK321WS ratings, features, specifications, Free Shipping, EMI option.",0,https://schema.org/Yes,Asus,E1404FA-NK321WS,Vivobook Go 14,E1404FANK321WS,"Laptop,Intergrated,42WHrs, 3S1P, 3-cell Li-ion",Processing & Multitasking,Cool Silver,Microsoft Windows,Windows 11 Home,64 bit,AMD,"AMD Ryzen™,AMD Radeon™ Graphics",AMD Ryzen™ 3,7320U,Up to 4.1 GHz max boost,4MB cache,14 inch (35.56 cm),FHD (1920 x 1080) LED Backlit Anti-glare display,No,1920 x 1080 pixels,"16:9 aspect ratio 
60Hz refresh rate 
250nits Brightness 
45% NTSC color gamut 
83 ? Screen-to-body ratio",8GB LPDDR5 on board,,,LPDDR5,512GB M.2 NVMe™ PCIe® 3.0 SSD,,,Shared,,3 Cell,"ø4.5, 45W AC Adapter, Output: 19V DC, 2.37A, 45W, Input: 100~240V AC 50/60Hz universal","1x USB 2.0 Type-A
1x USB 3.2 Gen 1 Type-A
1x USB 3.2 Gen 1 Type-C",1x HDMI 1.4,No,No,1x 3.5mm Combo Audio Jack,Chiclet Keyboard,No,Touchpad,720p HD camera ; With privacy shutter,Built-in array microphone,Built-in speaker,SonicMaster,No,Bluetooth® 5,Wi-Fi 6E(802.11ax) (Dual band) 1*1,,No,,Microsoft Office Home & Student 2021,Laptop,China,China,Asus,"ASUS INDIA PVT. LTD., 402 SUPREME CHAMBERS, 17/18 SHAH INDUSTRIAL ESTATE, VEERA DESAI ROAD, ANDHERI(WEST)-400053 INDIA","ASUS INDIA PVT. LTD., 402 SUPREME CHAMBERS, 17/18 SHAH INDUSTRIAL ESTATE, VEERA DESAI ROAD, ANDHERI(WEST)-400053 INDIA",,27 Mar 2023,,,,,32.45 x 1.79 x 21.39 cm,1.38 kg,NA,NA,NA,NA,NA,NA,NA,NA,NA,NA,NA,NA,NA,NA,NA,NA,NA,NA,NA,NA,NA,NA,NA,NA,NA,NA,NA,NA,NA,NA,NA,NA,NA
5,"ASUS TUF F17 Gaming Laptop (11th Gen Core i5/ 8GB RAM/ 512GB SSD/ 17""(43.94 cm)/ NVIDIA GeForce RTX 2050 Graphics/ Win 11/ MSOffice) FX706HFHX044WS",https://www.vijaysales.com/asus-tuf-f17-gaming-laptop-11th-gen-core-i5-8gb-ram-512gb-ssd-17-43-94-cm-nvidia-geforce-rtx-2050-graphics-win-11-msoffice-fx706hfhx044ws/26226,,★3.9,"₹75,990","₹51,990","32% off (You Save ₹24,000)","17-inch Full HD (1920 x 1080) Anti-glare display
Intel Core i5-11260H Processor
8GB DDR4 RAM (8GB DDR4-3200 SO-DIMM
512GB PCIe 3.0 NVMe M.2 SSD storage
Optimus 4GB GDDR6 NVIDIA GeForce RTX 2050 Laptop GPU
Windows 11 Home operating system
Backlit Keyboard, Anti Glare Coating
48Wh Lithium Polymer battery1 Year Manufacturer Warranty",225492,Laptop & Printer,https://www.vijaysales.com/ASUS-TUF-F17-Gaming-Laptop-11th-Gen-Core-i5-8GB-RAM-512GB-SSD-17-43-94-cm-NVIDIA-GeForce-RTX-2050-Graphics-Win-11-MSOffice-FX706HFHX044WS26226,"asus tuf f17 gaming laptop (11th gen core i5/ 8gb ram/ 512gb ssd/ 17(43.94 cm)/ nvidia geforce rtx 2050 graphics/ win 11/ msoffice) fx706hfhx044ws best Price in india,buy asus tuf f17 gaming laptop (11th gen core i5/ 8gb ram/ 512gb ssd/ 17(43.94 cm)/ nvidia geforce rtx 2050 graphics/ win 11/ msoffice) fx706hfhx044ws online in India on vijaysales.com,ASUS TUF F17 Gaming Laptop (11th Gen Core i5/ 8GB RAM/ 512GB SSD/ 17(43.94 cm)/ NVIDIA GeForce RTX 2050 Graphics/ Win 11/ MSOffice) FX706HFHX044WS reviews.ASUS TUF F17 Gaming Laptop (11th Gen Core i5/ 8GB RAM/ 512GB SSD/ 17(43.94 cm)/ NVIDIA GeForce RTX 2050 Graphics/ Win 11/ MSOffice) FX706HFHX044WS ratings, features, specifications, Free Shipping, EMI option.",0,https://schema.org/Yes,ASUS,ASUS TUF Gaming F17,ASUS TUF Gaming,FX706HFHX044WS,"Gaming,Integrated,Li-ion",Gamers,Graphite Black,Microsoft Windows,Windows 11 Home,64 bit,Intel,"Core i5,NVIDIA GeForce RTX 2050",,NVIDIA,2.9 GHz,12 MB Cache,17 inch (43.94 cms) FHD (1920 x 1080),FHD,No,1920 x 1080 Pixel,Anti-glare display || 16:09 Aspect Ratio || 144Hz Refresh Rate || 250nits Brightness,8GB DDR4 RAM (8GB DDR4-3200 SO-DIMM),expandable upto 32GB using 2x SO-DIMM slots,3200MHz,DDR4,512GB M.2 NVMe™ PCIe® 4.0 SSD,,,4GB GDDR6,-,3-Cell,48WHrs,3x USB 3.2 Gen 1 Type-A,1x HDMI 2.0b,,1x RJ45 LAN port,1x 3.5mm Combo Audio Jack,Backlit Chiclet Keyboard with Num-key,Yes,-,720P HD camera,Built-in array microphone,2-speaker system,-,No,Bluetooth 5.3 Wireless Card (*Bluetooth version may change with OS version different.),10/100/1000 Mbps,-,No,-,Office Home and Student,Laptop,China,China,ASUS,"ASUS INDIA PVT. LTD., 402 SUPREME CHAMBERS, 17/18 SHAH INDUSTRIAL ESTATE, VEERA DESAI ROAD, ANDHERI(WEST)-400053 INDIA","ASUS INDIA PVT. LTD., 402 SUPREME CHAMBERS, 17/18 SHAH INDUSTRIAL ESTATE, VEERA DESAI ROAD, ANDHERI(WEST)-400053 INDIA",,15 May 2023,,,,,35.9 x 25.6 x 2.45 cm,2.30 Kg,512GB PCIe 3.0 NVMe M.2 SSD,Backlit Chiclet Keyboard 1-Zone RGB,Yes,NA,NA,NA,NA,NA,NA,NA,NA,NA,NA,NA,NA,NA,NA,NA,NA,NA,NA,NA,NA,NA,NA,NA,NA,NA,NA,NA,NA,NA,NA
6,ASUS TUF Gaming F15 Laptop (11th Gen Core i5 / 8 GB / 512 GB SSD/ 15.6 inch (39.62 cm) FHD Display/ 4GB Graphics/ Win 11/ MSOffice) FX506HF-HN024WS,https://www.vijaysales.com/asus-tuf-gaming-f15-fx506hf-hn024ws-laptop-11th-gen-core-i5-8-gb-ram-512-gb-ssd-15-6-inches-39-62-cm-display-4gb-graphics-win-11-office/24355,,★4.4,"₹77,990","₹55,990","28% off (You Save ₹22,000)","Windows 11 Home
15.6 Inches(39.62 cm) FHD (1920 x 1080)  Value IPS-level Anti-glare display
11th Generation Core i5
8GB DDR4-3200 SO-DIMM
512GB PCIe® 3.0 NVMe™ M.2 SSD
NVIDIA® GeForce RTX™ 2050 Laptop GPU
2-speaker system
AI noise-canceling technology
DTS software
Support Microsoft Cortana near field/Far field1 Year Manufacturer Warranty",218415,Laptop & Printer,https://www.vijaysales.com/ASUS-TUF-Gaming-F15-FX506HF-HN024WS-Laptop-11th-Gen-Core-i5-8-GB-RAM-512-GB-SSD-15-6-inches-39-62-cm-Display-4GB-Graphics-Win-11-Office-24355,"asus tuf gaming f15 laptop (11th gen core i5 / 8 gb / 512 gb ssd/ 15.6 inch (39.62 cm) fhd display/ 4gb graphics/ win 11/ msoffice) fx506hf-hn024ws best Price in india,buy asus tuf gaming f15 laptop (11th gen core i5 / 8 gb / 512 gb ssd/ 15.6 inch (39.62 cm) fhd display/ 4gb graphics/ win 11/ msoffice) fx506hf-hn024ws online in India on vijaysales.com,ASUS TUF Gaming F15 Laptop (11th Gen Core i5 / 8 GB / 512 GB SSD/ 15.6 inch (39.62 cm) FHD Display/ 4GB Graphics/ Win 11/ MSOffice) FX506HF-HN024WS reviews.ASUS TUF Gaming F15 Laptop (11th Gen Core i5 / 8 GB / 512 GB SSD/ 15.6 inch (39.62 cm) FHD Display/ 4GB Graphics/ Win 11/ MSOffice) FX506HF-HN024WS ratings, features, specifications, Free Shipping, EMI option.",4711387178720,https://schema.org/Yes,ASUS,FX506HF-HN024WS,ASUS TUF Gaming F15,FX506HFHN024WS,"Gaming,Dedicated,48WHrs, 3S1P, 3-cell Li-ion",Gamers,Graphite Black,Microsoft Windows,Windows 11 Home,64 bit,Intel,"Core i5,NVIDIA® GeForce RTX™ 2050 Laptop GPU",11th Generation,11400H,Upto 4.5 GHz,12M Cache,15.6 Inches(39.62 cm),FHD (1920 x 1080)  Value IPS-level Anti-glare display,No,1920 x 1080 pixels,"16:9
144Hz Refresh Rate
85/85/85/85 Viewing Anglez
1000:1 Contrast
250nits Brightness
Adaptive-Sync technology",8GB DDR4-3200 SO-DIMM,"Upgradable to 32GB
2x SO-DIMM slots
2x DDR4 SO-DIMM slots",3200 MHz,DDR4,512 GB SSD,,"2x PCIe
M.2 512GB G3x4 PCIe SSD
M.2 1TB G3x4 PCIe SSD",4GB GDDR6,,3 cell,"ø6.0, 150W AC Adapter, Output: 20V DC, 7.5A, 150W, Input: 100~240V AC, 50/60Hz universal","1x Thunderbolt™ 4 support DisplayPort™3x USB 3.2 Gen 1 Type-A""",1x HDMI 2.0b,2x DDR4 SO-DIMM slots,1x RJ45 LAN port,1x 3.5mm Combo Audio Jack,"Full-size, natural silver keyboard",Yes,Touchpad,720P HD camera,Built-in array microphone,2-speaker system,"AI noise-canceling technology
DTS software
Support Microsoft Cortana near field/Far field",10/100/1000 Mbps,Bluetooth® 5.3 Wireless Card (*Bluetooth® version may change with OS version different.),Wi-Fi 6(802.11ax) (Dual band) 2*2,,No,Kensington Nano Security Slot™,Yes,Laptop,China,China,"TECH FRONT (CHONGQING) COMPUTER CO.LTD. NO.18, ZONGBAO ROAD, SHAPINGBA DISTRICT CHONGQING, CHINA","ASUS INDIA PRIVATE LIMITED, 402, Supreme chambers, 17/18, Shah Industrial Estate, Veera Desai Road, Andheri (west), Mumbai 400053, Maharashtra, India","TECH FRONT (CHONGQING) COMPUTER CO.LTD. NO.18, ZONGBAO ROAD, SHAPINGBA DISTRICT CHONGQING, CHINA",,28 Sep 2023,,,,,39.5 X 26.4 X 2.54 cm,2.60 Kg,512GB PCIe® 3.0 NVMe™ M.2 SSD,Backlit Chiclet Keyboard 1-Zone RGB,Yes,NA,NA,NA,NA,NA,NA,NA,NA,NA,NA,NA,NA,NA,NA,NA,NA,NA,NA,NA,NA,NA,NA,NA,NA,NA,NA,NA,NA,NA,NA
7,"ASUS TUF Gaming F17 (12th Gen Core i5/ 8GB RAM/ 512GB SSD/ 17.3"" (43.94 cm) FHD Display/ NVIDIA GeForce RTX Graphics/ Win 11/ Office) FX707ZC4HX048WS",https://www.vijaysales.com/asus-tuf-gaming-f17-12th-gen-core-i5-8gb-ram-512gb-ssd-17-3-inch-43-94-cm-mux-switch-optimus-nvidia-geforce-rtx-graphics-win-11-office/25642,"Offer Price₹69,990",★5.0,"₹1,03,990","₹71,990","33% off (You Save ₹34,000)","Windows 11 Home
17.3 inch (43.94 cm) Anti-glare FHD Display
Intel 12th Generation Core i5 Processor
8GB DDR4 (8GB DDR4-3200 SO-DIMM) RAM
512GB PCIe 3.0 NVMe M.2 SSD
4GB MUX Switch + Optimus NVIDIA GeForce RTX 3050 Laptop GPU Graphics
RGB Backlit Keyboard
AI noise-canceling technology
Dolby Atmos1 Year Manufacturer Warranty",221478,Laptop & Printer,https://www.vijaysales.com/ASUS-TUF-Gaming-F17-12th-Gen-Core-i5-8GB-RAM-512GB-SSD-17-3-inch-43-94-cm-MUX-Switch-Optimus-NVIDIA-GeForce-RTX-Graphics-Win-11-Office25642,"asus tuf gaming f17 (12th gen core i5/ 8gb ram/ 512gb ssd/ 17.3 (43.94 cm) fhd display/ nvidia geforce rtx graphics/ win 11/ office) fx707zc4hx048ws best Price in india,buy asus tuf gaming f17 (12th gen core i5/ 8gb ram/ 512gb ssd/ 17.3 (43.94 cm) fhd display/ nvidia geforce rtx graphics/ win 11/ office) fx707zc4hx048ws online in India on vijaysales.com,ASUS TUF Gaming F17 (12th Gen Core i5/ 8GB RAM/ 512GB SSD/ 17.3 (43.94 cm) FHD Display/ NVIDIA GeForce RTX Graphics/ Win 11/ Office) FX707ZC4HX048WS reviews.ASUS TUF Gaming F17 (12th Gen Core i5/ 8GB RAM/ 512GB SSD/ 17.3 (43.94 cm) FHD Display/ NVIDIA GeForce RTX Graphics/ Win 11/ Office) FX707ZC4HX048WS ratings, features, specifications, Free Shipping, EMI option.",4711387212301,https://schema.org/Yes,Asus,FX707ZC4-HX048WS,ASUS TUF Gaming F17,FX707ZC4HX048WS,"Gaming,Dedicated,90WHrs, 4S1P, 4-cell Li-ion",Multitasking/Gamers,Mecha Gray,Microsoft Windows,Windows 11 Home,64 bit,Intel,"12th Generation,MUX Switch + Optimus NVIDIA GeForce RTX 3050 Laptop GPU",Core i5,12500H,up to 4.5 GHz Turbo Boost,12M Cache,17.3 inch (43.94cm),FHD 16:9 Aspect Ratio,No,1920 x 1080 pixels,16:09 Aspect Ratio144Hz Refresh Rate250nits BrightnessAnti-glare display,8GB DDR4 (8GB DDR4-3200 SO-DIMM),RAM expandable upto 32GB using 2x DDR4 SO-DIMM slotsSupport dual channel memory,3200 MHz,DDR4,512GB M.2 NVMe™ PCIe® 4.0 SSD,No,,"4GB GDDR6Graphic Memory1790MHz* at 95W (1740MHz Boost Clock+50MHz OC, 80W+15W Dynamic Boost)",,4-Cell,"6.0, 200W AC Adapter, Output: 20V DC, 10A, 200W, Input: 100-240V AC, 50/60Hz universal",1x USB 3.2 Gen 2 Type-C support DisplayPort / G-SYNC 2x USB 3.2 Gen 1 Type-A,1x HDMI 2.0b,No,1x RJ45 LAN,1x 3.5mm Combo Audio Jack,NA,Yes,,720P HD camera,Built-in array microphone,2-speaker system,AI noise-canceling technologyDolby AtmosHi-Res certificationSupport Microsoft Cortana near field/Far field<,,Bluetooth 5.2 Wireless Card,Wi-Fi 6(802.11ax) (Dual band) 2*2,,,Kensington Security Slot,Office Home and Student 2021 included,Laptop,China,China,Asus,"ASUS INDIA PVT. LTD., 402 SUPREME CHAMBERS, 17/18 SHAH INDUSTRIAL ESTATE, VEERA DESAI ROAD, ANDHERI(WEST)-400053 INDIA","ASUS INDIA PVT. LTD., 402 SUPREME CHAMBERS, 17/18 SHAH INDUSTRIAL ESTATE, VEERA DESAI ROAD, ANDHERI(WEST)-400053 INDIA",,30 Aug 2023,,,,,35.97 x 1.99 x 23.25 cm,1.70 Kg,512GB PCIe 3.0 NVMe M.2 SSD,Backlit Chiclet Keyboard 1-Zone RGB,NA,NA,NA,NA,NA,NA,NA,NA,NA,NA,NA,NA,NA,NA,NA,NA,NA,NA,NA,NA,NA,NA,NA,NA,NA,NA,NA,NA,NA,NA,NA
8,ASUS VivoBook 15 Laptop 2023(12th Gen Core i7 1255U /16GB RAM/ 512GB SSD/ 15.6 inch(39.62 cm)/ Iris Xe Graphics/ Win11/ MSOffice) X1502ZA-EJ743WS,https://www.vijaysales.com/asus-vivobook-15-laptop-12th-gen-intel-core-i7-16gb-ram-512gb-ssd-15-6-inch-39-62-cm-iris-xe-graphics-windows-11-ms-office-x1502za-ej743ws/25371,"Offer Price₹59,990",★4.5,"₹80,990","₹64,990","26% off (You Save ₹21,000)","Windows 11 Home
15.6-inch (39.62 cm) FHD (1920 x 1080) Anti-glare Display
Intel 12th Generation Core i7 Processor
16 GB (8GB DDR4 on board + 8GB DDR4 SO-DIMM) RAM
512GB M.2 NVMe™ PCIe® 4.0 SSD
Intel Iris X? Graphics
Built-in speaker, Built-in microphone1 Year Manufacturer Warranty",220656,Laptop & Printer,https://www.vijaysales.com/ASUS-VivoBook-15-Laptop-12th-Gen-Intel-Core-i7-16GB-RAM-512GB-SSD-15-6-inch-39-62-cm-Iris-Xe-Graphics-Windows-11-MS-Office-X1502ZA-EJ743WS25371,"asus vivobook 15 laptop 2023(12th gen core i7 1255u /16gb ram/ 512gb ssd/ 15.6 inch(39.62 cm)/ iris xe graphics/ win11/ msoffice) x1502za-ej743ws best Price in india,buy asus vivobook 15 laptop 2023(12th gen core i7 1255u /16gb ram/ 512gb ssd/ 15.6 inch(39.62 cm)/ iris xe graphics/ win11/ msoffice) x1502za-ej743ws online in India on vijaysales.com,ASUS VivoBook 15 Laptop 2023(12th Gen Core i7 1255U /16GB RAM/ 512GB SSD/ 15.6 inch(39.62 cm)/ Iris Xe Graphics/ Win11/ MSOffice) X1502ZA-EJ743WS reviews.ASUS VivoBook 15 Laptop 2023(12th Gen Core i7 1255U /16GB RAM/ 512GB SSD/ 15.6 inch(39.62 cm)/ Iris Xe Graphics/ Win11/ MSOffice) X1502ZA-EJ743WS ratings, features, specifications, Free Shipping, EMI option.",4711387288788,https://schema.org/Yes,ASUS,X1502ZA-EJ743WS,Vivobook 15,X1502ZAEJ743WS,"Laptop,Intergrated,42WHrs, 3S1P, 3-cell Li-ion",Processing & Multitasking,Quiet Blue,Microsoft Windows,Windows 11 Home,64 bit,Intel,"12th Generation,Intel Iris Xe Graphics",Core i7,1255U,up to 4.7 GHz,,15.6-inch (39.62 cm),FHD (1920 x 1080) 16:9 aspect ratio,No,1920 x 1080 pixels,220nits Brightness45% NTSC color gamutAnti-glare display,16 GB (8GB DDR4 on board + 8GB DDR4 SO-DIMM),,,DDR4,512GB M.2 NVMe PCIe 3.0 SSD,,,Shared,,3 Cell,"4.5, 45W AC Adapter, Output: 19V DC, 2.37A, 45W, Input: 100~240V AC 50/60Hz universal",1x USB 2.0 Type-A1x USB 3.2 Gen 1 Type-C2x USB 3.2 Gen 1 Type-A,1x HDMI 1.4,,No,1x 3.5mm Combo Audio Jack,NA,Yes,,720p HD camera ; With privacy shutter,Built-in microphone,Built-in speaker,SonicMaster,,Bluetooth 5.3,Wi-Fi 6(802.11ax) (Dual band) 2*2,,,,Yes,Laptop,China,China,AsusAC,"ASUS INDIA PVT. LTD., 402 SUPREME CHAMBERS, 17/18 SHAH INDUSTRIAL ESTATE, VEERA DESAI ROAD, ANDHERI(WEST)-400053 INDIA","ASUS INDIA PVT. LTD., 402 SUPREME CHAMBERS, 17/18 SHAH INDUSTRIAL ESTATE, VEERA DESAI ROAD, ANDHERI(WEST)-400053 INDIA",,26 Sep 2023,,,,,35.41 x 25.91 x 2.59 cm,2.1 Kg,1 TB M.2 PCIe SSD,Backlit Chiclet Keyboard,NA,NA,NA,NA,NA,NA,NA,NA,NA,NA,NA,NA,NA,NA,NA,NA,NA,NA,NA,NA,NA,NA,NA,NA,NA,NA,NA,NA,NA,NA,NA
9,"Asus ROG Strix G15 Gaming Laptop (AMD Ryzen 7/ 16GB RAM/ 1 TB SSD/ 15.6 "" (39.62 cm) FHD 144 Hz Display/ 4GB Graphics/ Win11/ Office)HN251WS",https://www.vijaysales.com/asus-rog-strix-g15-g513rc-hn251ws-gaming-laptop-amd-ryzen-7-16gb-ram-1-tb-ssd-15-6-inches-39-62-cm-display-4gb-graphics-win11-office/25395,,★4.3,"₹1,17,990","₹86,990","26% off (You Save ₹31,000)","Windows 11 Home
15.6 Inches(39.62 cm) FHD Display with 144Hz Refresh Rate
AMD Ryzen™ 7 Processor
16GB DDR5 RAM
1 TB M.2 PCIe SSD
4GB NVIDIA GeForce RTX 3050 Graphics
Microsoft Office Included1 Year Manufacturer Warranty",221437,Laptop & Printer,https://www.vijaysales.com/Asus-ROG-Strix-G15-G513RC-HN251WS-Gaming-Laptop-AMD-Ryzen-7-16GB-RAM-1-TB-SSD-15-6-Inches-39-62-cm-Display-4GB-Graphics-Win11-Office-25395,"asus rog strix g15 gaming laptop (amd ryzen 7/ 16gb ram/ 1 tb ssd/ 15.6  (39.62 cm) fhd 144 hz display/ 4gb graphics/ win11/ office)hn251ws best Price in india,buy asus rog strix g15 gaming laptop (amd ryzen 7/ 16gb ram/ 1 tb ssd/ 15.6  (39.62 cm) fhd 144 hz display/ 4gb graphics/ win11/ office)hn251ws online in India on vijaysales.com,Asus ROG Strix G15 Gaming Laptop (AMD Ryzen 7/ 16GB RAM/ 1 TB SSD/ 15.6  (39.62 cm) FHD 144 Hz Display/ 4GB Graphics/ Win11/ Office)HN251WS reviews.Asus ROG Strix G15 Gaming Laptop (AMD Ryzen 7/ 16GB RAM/ 1 TB SSD/ 15.6  (39.62 cm) FHD 144 Hz Display/ 4GB Graphics/ Win11/ Office)HN251WS ratings, features, specifications, Free Shipping, EMI option.",197105328761,https://schema.org/Yes,Asus,G513RC-HN251WS,ROG STRIX G15 SERIES,G513RCHN251WS,"Gaming,Dedicated,Lithium-Ion, 56 Watts Hours",Multitasking/Gamers,Grey,Microsoft Windows,Windows 11 Home,64 bit,AMD,"Ryzen,NVIDIA GeForce RTX 3050",Ryzen 7,6800H,4.7 GHz,10MB Cache,15.6 Inches(39.62 cm),"FHD, 16:09 Ratio",No,1920 x 1080 pixels,144Hz Refresh Rate,16GB DDR5 RAM,,,DDR5,512GB M.2 NVMe PCIe 4.0 SSD,,,4GB GDDR6,,4 Cell,,4 x USB 3.2 Type C,1 x HDMI,,,,NA,No,,,Built-in array microphone,,,,Bluetooth 5.3,,,,,,Laptop,China,China,"TECH FRONT (CHONGQING) COMPUTER CO.LTD. NO.18, ZONGBAO ROAD, SHAPINGBA DISTRICT CHONGQING, CHINA","ASUS INDIA PRIVATE LIMITED, 402, Supreme chambers, 17/18, Shah Industrial Estate, Veera Desai Road, Andheri (west), Mumbai 400053, Maharashtra, India","TECH FRONT (CHONGQING) COMPUTER CO.LTD. NO.18, ZONGBAO ROAD, SHAPINGBA DISTRICT CHONGQING, CHINA",,28 Oct 2023,,,,,35.87 x 1.99 x 24.95 cm,1.88 kg,512GB PCIe® 3.0 NVMe™ M.2 SSD,Backlit Chiclet Keyboard 4-Zone RGB,NA,NA,NA,NA,NA,NA,NA,NA,NA,NA,NA,NA,NA,NA,NA,NA,NA,NA,NA,NA,NA,NA,NA,NA,NA,NA,NA,NA,NA,NA,NA
10,ASUS Vivobook 15 Laptop (Intel Celeron N4500/ 8GB RAM/ 512GB SSD/ 15.6 inch(39.62 cm)/ Intel UHD Graphics/ Fingerprint Reader/ Win11/  X1500KAEJ021W,https://www.vijaysales.com/asus-vivobook-15-laptop-intel-cdc-8gb-ram-512gb-ssd-15-6-inch-39-62-cm-intel-uhd-graphics-windows-11-x1500kaej021w/25734,"Offer Price₹27,990",★4.6,"₹38,990","₹29,990","28% off (You Save ₹11,000)","Windows 11
15.6-inch (39.62 cm) FHD (1920 x 1080) Display
Intel CDC N4500 Processor
8GB RAM
512GB SSD
Intel® UHD Graphics
Fingerprint Reader1 Year Manufacturer Warranty",222880,Laptop & Printer,https://www.vijaysales.com/ASUS-Vivobook-15-Laptop-Intel-CDC-8GB-RAM-512GB-SSD-15-6-inch-39-62-cm-Intel-UHD-Graphics-Windows-11-X1500KAEJ021W25734,"asus vivobook 15 laptop (intel celeron n4500/ 8gb ram/ 512gb ssd/ 15.6 inch(39.62 cm)/ intel uhd graphics/ fingerprint reader/ win11/  x1500kaej021w best Price in india,buy asus vivobook 15 laptop (intel celeron n4500/ 8gb ram/ 512gb ssd/ 15.6 inch(39.62 cm)/ intel uhd graphics/ fingerprint reader/ win11/  x1500kaej021w online in India on vijaysales.com,ASUS Vivobook 15 Laptop (Intel Celeron N4500/ 8GB RAM/ 512GB SSD/ 15.6 inch(39.62 cm)/ Intel UHD Graphics/ Fingerprint Reader/ Win11/  X1500KAEJ021W reviews.ASUS Vivobook 15 Laptop (Intel Celeron N4500/ 8GB RAM/ 512GB SSD/ 15.6 inch(39.62 cm)/ Intel UHD Graphics/ Fingerprint Reader/ Win11/  X1500KAEJ021W ratings, features, specifications, Free Shipping, EMI option.",4711387331767,https://schema.org/Yes,ASUS,X1500KAEJ021W,Vivobook 15,X1500KAEJ021W,"Laptop,Integrated,",Processing & Multitasking,Black,Microsoft Windows,Windows 11 Home,64 bit,Intel,"CDC,Intel® UHD Graphics",,N4500,,16MB cache,15.6-inch (39.62 cm),FHD (1920 x 1080),No,1920 x 1080 pixels,,8GB,,,,512 GB PCIe® NVMe™ M.2 SSD,,,Shared,,,,2,1,,Yes,Yes,NA,Yes,Yes,Yes,Yes,Yes,,Yes,Yes,Yes,,Fingerprint Reader,,Microsoft Office Home & Student 2021,Laptop,China,China,ASUS,"ASUS INDIA PVT. LTD., 402 SUPREME CHAMBERS, 17/18 SHAH INDUSTRIAL ESTATE, VEERA DESAI ROAD, ANDHERI(WEST)-400053 INDIA","ASUS INDIA PVT. LTD., 402 SUPREME CHAMBERS, 17/18 SHAH INDUSTRIAL ESTATE, VEERA DESAI ROAD, ANDHERI(WEST)-400053 INDIA",,17 Apr 2023,,,,,35.98 X 23.43 X 1.99 Cm,1.80 Kg,"512 GB , PCIe Gen4, 16 Gb/s, NVMe",Yes,NA,NA,NA,NA,NA,NA,NA,NA,NA,NA,NA,NA,NA,NA,NA,NA,NA,NA,NA,NA,NA,NA,NA,NA,NA,NA,NA,NA,NA,NA,NA
11,ASUS Vivobook 16 Laptop 2023 (13th Gen Core i3/ 8GB RAM /512 GB SSD/ 16 inch (40.64 cm) Display/ Intel UHD Graphics/ Win 11/ MSO/X1605VAB-MB322WS,https://www.vijaysales.com/asus-vivobook-16-2023-x1605vab-mb322ws-laptop-13th-gen-core-i3-8gb-ram-512-gb-ssd-17-3-inch-43-94-cm-display-intel-uhd-graphics-win-11-mso/24350,"Offer Price₹39,990",★4.4,"₹62,990","₹42,990","37% off (You Save ₹23,000)","Windows 11 Home
16 inch (40.64 cm) WUXGA IPS-level Panel Anti-glare display
13th Generation Core™ i3 Processsor
8GB DDR4 on board
512GB M.2 NVMe™ PCIe® 4.0 SSD
Intel® UHD Graphics
Built-in speaker
SonicMaster1 Year Manufacturer Warranty",217740,Laptop & Printer,https://www.vijaysales.com/ASUS-Vivobook-16-2023-X1605VAB-MB322WS-Laptop-13th-Gen-Core-i3-8GB-RAM-512-GB-SSD-17-3-inch-43-94-cm-Display-Intel-UHD-Graphics-Win-11-MSO-24350,"asus vivobook 16 laptop 2023 (13th gen core i3/ 8gb ram /512 gb ssd/ 16 inch (40.64 cm) display/ intel uhd graphics/ win 11/ mso/x1605vab-mb322ws best Price in india,buy asus vivobook 16 laptop 2023 (13th gen core i3/ 8gb ram /512 gb ssd/ 16 inch (40.64 cm) display/ intel uhd graphics/ win 11/ mso/x1605vab-mb322ws online in India on vijaysales.com,ASUS Vivobook 16 Laptop 2023 (13th Gen Core i3/ 8GB RAM /512 GB SSD/ 16 inch (40.64 cm) Display/ Intel UHD Graphics/ Win 11/ MSO/X1605VAB-MB322WS reviews.ASUS Vivobook 16 Laptop 2023 (13th Gen Core i3/ 8GB RAM /512 GB SSD/ 16 inch (40.64 cm) Display/ Intel UHD Graphics/ Win 11/ MSO/X1605VAB-MB322WS ratings, features, specifications, Free Shipping, EMI option.",4711387141823,https://schema.org/Yes,ASUS,X1605VAB-MB322WS,Vivobook 16 (2023),X1605VABMB322WS,"Laptop,Intergrated,42WHrs, 3S1P, 3-cell Li-ion",Processing & Multitasking,Transparent Silver,Microsoft Windows,Windows 11 Home,64 bit,Intel,"Core i3,Intel® UHD Graphics",13th Generation,1315U,Up to 4.5 GHz,18M Cache,16 inch (40.64 cm),WUXGA IPS-level Panel Anti-glare display,No,1920 x 1200 Pixels,16:10 aspect ratio60Hz refresh rate300nits45% NTSC color gamut,8GB DDR4 on board,Upgradable1x DDR4 SO-DIMM slotNeed to remove bottom/top case*Dual-channel memory support requires at least one SO-DIMM module.,,DDR4,NA,,,Shared,,3 Cell,"ø4.5, 45W AC Adapter, Output: 19V DC, 2.37A, 45W, Input: 100~240V AC 50/60Hz universal",1x USB 2.0 Type-A1x USB 3.2 Gen 1 Type-C support power delivery2x USB 3.2 Gen 1 Type-A1x DC-in,1x HDMI 1.4,,No,1x 3.5mm Combo Audio Jack,NA,Yes,Touchpad,720p HD camera  With privacy shutter,Built-in array microphone,Built-in speaker,SonicMaster,No,Bluetooth® 5,Wi-Fi 6E(802.11ax) (Dual band) 1*1,,No,,Office Home and Student 2021 included,Laptop,China,China,"TECH FRONT (CHONGQING) COMPUTER CO. LTD. NO. 18, ZONGBAO ROAD, SHAPINGBA DISTRICT CHONGQING, CHINA","ASUS INDIA PRIVATE LIMITED, 402, Supreme chambers, 17/18, Shah Industrial Estate, Veera Desai Road, Andheri (west), Mumbai 400053, Maharashtra, India","TECH FRONT (CHONGQING) COMPUTER CO. LTD. NO. 18, ZONGBAO ROAD, SHAPINGBA DISTRICT CHONGQING, CHINA",,01 Mar 2024,,,,,31.71 X 22.25 X 1.89 cm,1.40 Kg,512 GB PCIe® NVMe™ M.2 SSD,Backlit Chiclet Keyboard,NA,NA,NA,NA,NA,NA,NA,NA,NA,NA,NA,NA,NA,NA,NA,NA,NA,NA,NA,NA,NA,NA,NA,NA,NA,NA,NA,NA,NA,NA,NA
12,ASUS Creator Pro 15 OLED (AMD Ryzen 7 5800H / 16GB RAM/ 512GB SSD/ 15.6 Inch / Backlit KB / 4GB RTX 3050 Graphics/ Win11/ MSO) LK741WS,https://www.vijaysales.com/asus-vivobook-pro-15-oled-amd-ryzen-7-16gb-ram-512gb-ssd-15-6inch-39-62-cm-display-4gb-rtx-3050-graphics-windows-11-ms-office-m6500qclk741ws/26679,"Offer Price₹73,990",★4.5,"₹1,03,990","₹76,990","29% off (You Save ₹30,000)","Windows 11 Home
15.6inch (39.62 cm) FHD OLED Display
AMD Ryzen 7 5800H/HS Processor
16GB DDR4 on board RAM
512GB M.2 NVMe PCIe 3.0 SSD
4GB GDDR6 NVIDIA GeForce RTX 3050 Laptop GPU
Wi-Fi 6(802.11ax) (Dual band) 2*2
Bluetooth 5.3 Wireless Card
1080p FHD Camera With privacy shutter1 Year Manufacturer Warranty",226564,Laptop & Printer,https://www.vijaysales.com/ASUS-Vivobook-Pro-15-OLED-AMD-Ryzen-7-16GB-RAM-512GB-SSD-15-6inch-39-62-cm-Display-4GB-RTX-3050-Graphics-Windows-11-MS-Office-M6500QCLK741WS26679,"asus creator pro 15 oled (amd ryzen 7 5800h / 16gb ram/ 512gb ssd/ 15.6 inch / backlit kb / 4gb rtx 3050 graphics/ win11/ mso) lk741ws best Price in india,buy asus creator pro 15 oled (amd ryzen 7 5800h / 16gb ram/ 512gb ssd/ 15.6 inch / backlit kb / 4gb rtx 3050 graphics/ win11/ mso) lk741ws online in India on vijaysales.com,ASUS Creator Pro 15 OLED (AMD Ryzen 7 5800H / 16GB RAM/ 512GB SSD/ 15.6 Inch / Backlit KB / 4GB RTX 3050 Graphics/ Win11/ MSO) LK741WS reviews.ASUS Creator Pro 15 OLED (AMD Ryzen 7 5800H / 16GB RAM/ 512GB SSD/ 15.6 Inch / Backlit KB / 4GB RTX 3050 Graphics/ Win11/ MSO) LK741WS ratings, features, specifications, Free Shipping, EMI option.",05256,https://schema.org/Yes,ASUS,M6500QC-LK741WS,ASUS Vivobook Pro 15 OLED,M6500QCLK741WS,"Laptop,Dedicated,70WHrs, 3S1P, 3-cell Li-ion",Processing & Multitasking,Quiet Blue,Microsoft Windows,Windows 11 Home,64 bit,AMD,"AMD Ryzen 7,NVIDIA GeForce RTX 3050 Laptop GPU",5800H/HS,,up to 4.4 GHz Max Boost,,15.6 inches (39.62 Cm),OLED FHD,No,1920 x 1080 Pixels,Glossy display having 16:9 Aspect Ratio || 60Hz Refresh rate || 400nits Brightness & 600nits HDR Peak Brightness,16GB DDR4 on board RAM,,,DDR4,NA,,,4GB GDDR6 VRAM,,3 Cell,"4.5, 120W AC Adapter, Output: 20V DC, 6A, 120W, Input: 100~240V AC 50/60Hz universal",1x USB 3.2 Gen 1 Type-A || 1x USB 3.2 Gen 2 Type-C support display / power delivery || 2x USB 2.0 Type-A,1x HDMI 1.4,,,1x 3.5mm Combo Audio Jack,NA,Yes,,1080p FHD camera || With privacy shutter,Built-in array microphone,Built-in speaker,harman/kardon (Mainstream),,Bluetooth 5.3 Wireless Card,Wi-Fi 6(802.11ax) (Dual band) 2*2,McAfee LiveSafe,Fingerprint sensor integrated with Power Key,,With Microsoft Office,Laptop,China,China,"TECH FRONT (CHONGQING) COMPUTER CO. LTD. NO. 18, ZONGBAO ROAD, SHAPINGBA DISTRICT CHONGQING, CHINA","ASUS INDIA PRIVATE LIMITED, 402, Supreme chambers, 17/18, Shah Industrial Estate, Veera Desai Road, Andheri (west), Mumbai 400053, Maharashtra,  India","TECH FRONT (CHONGQING) COMPUTER CO. LTD. NO. 18, ZONGBAO ROAD, SHAPINGBA DISTRICT CHONGQING, CHINA",,28 Oct 2023,,,,,35.9 x 25.6 x 2.28 cm,2.30 Kg,256GB SSD M.2 2242 PCIe® 4.0x4 NVMe®,Backlit Chiclet Keyboard,NA,1x DC-in || Micro SD card reader,NA,NA,NA,NA,NA,NA,NA,NA,NA,NA,NA,NA,NA,NA,NA,NA,NA,NA,NA,NA,NA,NA,NA,NA,NA,NA,NA,NA,NA
13,ASUS VivoBook 14X (12th Gen Intel Core i5/ 16GB RAM/ 512GB SSD/ 4GB NVIDIA GeForce RTX 2050 Graphics/ Windows 11/ MS Office) K3405ZF-LY544WS,https://www.vijaysales.com/asus-vivobook-14x-12th-gen-intel-core-i5-16gb-ram-512gb-ssd-4gb-nvidia-geforce-rtx-2050-graphics-windows-11-ms-office-k3405zf-ly544ws/26090,"Offer Price₹64,990",★5.0,"₹92,990","₹69,990","30% off (You Save ₹28,000)","Windows 11 Home
14 inch (35.56 cm) FHD (1920 x 1200) Display
Intel 12th Generation Core i5-12500H Processor
16GB DDR4 (8GB DDR4 on board + 8GB DDR4 SO-DIMM) RAM
512GB M.2 NVMe PCIe 4.0 SSD
4GB GDDR6 VRAM NVIDIA GeForce RTX 2050 Graphics
Built-in speaker, Built-in microphone1 Year Manufacturer Warranty",222882,Laptop & Printer,https://www.vijaysales.com/ASUS-VivoBook-14X-12th-Gen-Intel-Core-i5-16GB-RAM-512GB-SSD-4GB-NVIDIA-GeForce-RTX-2050-Graphics-Windows-11-MS-Office-K3405ZF-LY544WS26090,"asus vivobook 14x (12th gen intel core i5/ 16gb ram/ 512gb ssd/ 4gb nvidia geforce rtx 2050 graphics/ windows 11/ ms office) k3405zf-ly544ws best Price in india,buy asus vivobook 14x (12th gen intel core i5/ 16gb ram/ 512gb ssd/ 4gb nvidia geforce rtx 2050 graphics/ windows 11/ ms office) k3405zf-ly544ws online in India on vijaysales.com,ASUS VivoBook 14X (12th Gen Intel Core i5/ 16GB RAM/ 512GB SSD/ 4GB NVIDIA GeForce RTX 2050 Graphics/ Windows 11/ MS Office) K3405ZF-LY544WS reviews.ASUS VivoBook 14X (12th Gen Intel Core i5/ 16GB RAM/ 512GB SSD/ 4GB NVIDIA GeForce RTX 2050 Graphics/ Windows 11/ MS Office) K3405ZF-LY544WS ratings, features, specifications, Free Shipping, EMI option.",4711387336922,https://schema.org/Yes,ASUS,K3405ZF-LY544WS,Vivobook 14X,K3405ZFLY544WS,"Laptop,Dedicated,50WHrs, 3S1P, 3-cell Li-ion",Processing & Multitasking,Cool Silver,Microsoft Windows,Windows 11 Home,64 bit,Intel,"12th Generation,NVIDIA GeForce RTX 2050 Graphics",Core i5,12500H,2.5 GHz,,14 inch (35.56 cm),WUXGA,No,1920 x 1200 Pixels,16:10 Aspect Ratio || 60Hz Refresh rate || 300 nits Brightness,16GB DDR4 (8GB DDR4 on board + 8GB DDR4 SO-DIMM) RAM,expandable upto 24GB using 1x DDR4 SO-DIMM slot,,DDR4,NA,,,4GB GDDR6,,3 Cell,"4.5, 90W AC Adapter, Output: 19V DC, 4.74A, 90W, Input: 100~240V AC 50/60Hz universal",1x USB 3.2 Gen 1 Type-C support power delivery 2x USB 3.2 Gen 1 Type-A,1x HDMI 2.1 TMDS,No,,1x 3.5mm Combo Audio Jack,NA,Yes,,720p HD camera With privacy shutter,Built-in microphone,Built-in speaker,SonicMaster,,Bluetooth 5.3 Wireless Card,Wi-Fi 6E(802.11ax) (Dual band) 2*2,McAfee LiveSafe 1 year,Fingerprint Sensor,,Office Home and Student,Laptop,China,China,Asus,"ASUS INDIA PVT. LTD., 402 SUPREME CHAMBERS, 17/18 SHAH INDUSTRIAL ESTATE, VEERA DESAI ROAD, ANDHERI(WEST)-400053 INDIA","ASUS INDIA PVT. LTD., 402 SUPREME CHAMBERS, 17/18 SHAH INDUSTRIAL ESTATE, VEERA DESAI ROAD, ANDHERI(WEST)-400053 INDIA",,08 Jun 2022,,,,,209 x 287 x 9.3 mm,879 gm,512 GB PCIe® NVMe™ M.2 SSD,Backlit Chiclet Keyboard 1-Zone RGB,NA,NA,NA,NA,NA,NA,NA,NA,NA,NA,NA,NA,NA,NA,NA,NA,NA,NA,NA,NA,NA,NA,NA,NA,NA,NA,NA,NA,NA,NA,NA
14,Asus TUF Gaming F15 Laptop (11th Gen i5/ 16 GB RAM/ 512 GB SSD/ 15.6 inches (39.62 cm) Display/4 GB Graphics/ Win 11 /MSOffice) FX506HC-HN362WS,https://www.vijaysales.com/asus-tuf-gaming-f15-fx506hc-hn362w-laptop-11th-gen-intel-core-i5-16-gb-ram-512-gb-ssd-15-6-inches-39-62-cm-display-4-gb-graphics-win-11-mso/21055,,★4.5,"₹85,990","₹62,990","27% off (You Save ₹23,000)","Windows 11 Home
15.6 inches (39.62 cm) FHD Value IPS-level Display anti-glare display
11th Generation Core™ i5 Processor
16GB (8GB DDR4-3200 SO-DIMM x 2) RAM
512GB PCIe® 3.0 NVMe™ M.2 SSD
NVIDIA® GeForce RTX™ 3050 Laptop 4GB GDDR6 GPU
2-speaker system, DTS software1 Year Manufacturer Warranty",203514,Laptop & Printer,https://www.vijaysales.com/ASUS-TUF-Gaming-F15-FX506HC-HN362W-Laptop-11th-Gen-Intel-Core-i5-16-GB-RAM-512-GB-SSD-15-6-inches-39-62-cm-Display-4-GB-Graphics-Win-11-MSO-21055,"asus tuf gaming f15 laptop (11th gen i5/ 16 gb ram/ 512 gb ssd/ 15.6 inches (39.62 cm) display/4 gb graphics/ win 11 /msoffice) fx506hc-hn362ws best Price in india,buy asus tuf gaming f15 laptop (11th gen i5/ 16 gb ram/ 512 gb ssd/ 15.6 inches (39.62 cm) display/4 gb graphics/ win 11 /msoffice) fx506hc-hn362ws online in India on vijaysales.com,Asus TUF Gaming F15 Laptop (11th Gen i5/ 16 GB RAM/ 512 GB SSD/ 15.6 inches (39.62 cm) Display/4 GB Graphics/ Win 11 /MSOffice) FX506HC-HN362WS reviews.Asus TUF Gaming F15 Laptop (11th Gen i5/ 16 GB RAM/ 512 GB SSD/ 15.6 inches (39.62 cm) Display/4 GB Graphics/ Win 11 /MSOffice) FX506HC-HN362WS ratings, features, specifications, Free Shipping, EMI option.",4711081819981,https://schema.org/Yes,Asus,FX506HC-HN362WS,ASUS TUF Gaming F15,FX506HCHN362WS,"Gaming,Dedicated,90WHrs, 4S1P, 4-cell Li-ion",Multitasking/Gamers,Graphite Black,Microsoft Windows,Windows 11 Home,64 bit,Intel,"11th Generation,NVIDIA® GeForce RTX™ 3050 Laptop GPU",Core™ i5,11400H,Up to 4.5 GHz,4 MB L3 cache,15.6 inches (39.62 cm),FHD Value IPS-level Display anti-glare display,No,1920 x 1080 pixels,"144Hz Refresh Rate, 250 Brightness, 1000:1 Contrast, 85/85/85/85 Viewing Angle",16GB (8GB DDR4-3200 SO-DIMM x 2),Up to 32 GB,3200 Mhz,DDR4,NA,,,4GB GDDR6,,4 cell,"ø6.0, 180W AC Adapter, Output: 20V DC, 9A, 180W, Input: 100~240V AC, 50/60Hz universal",3x USB 3.2 Gen 1 Type-A1x Thunderbolt™ 4 support DisplayPort™,1x HDMI 2.0b,1 multi-format SD media card reader,1x RJ45 LAN port,1x 3.5mm Combo Audio Jack,NA,No,Touchpad,720P HD camera,Built-in array microphone,2-speaker system,DTS software,,Bluetooth 5.2 (*BT version may change with OS upgrades.),Wi-Fi 6(802.11ax) (Dual band) 2 x 2,,None,Kensington Security Slot™,"Surface Pro 9 (Intel/Wifi)
Power Supply
Quick Start Guide
Safety and warranty documents",Laptop,China,China,"JAINA INDIA PRIVATE LIMITED Registered Office: D-170, OKHLA INDUSTRIAL AREA, PHASE 1, DELHI, 110020, INDIA","JAINA INDIA PRIVATE LIMITED Registered Office: D-170, OKHLA INDUSTRIAL AREA, PHASE 1, DELHI, 110020, INDIA","Tech-Com (Shanghai) Computer Co., Ltd. No. 68, SanZhuang Rd, Songjiang Export Processing Zone, Shanghai 201613, P.R. China",,20 Nov 2022,,,,,362.3 X 239.89 X 23.5 mm,2.11 Kg,NA,"99-/100-/103-key Acer keyboard layout with international language supportincluding indicators of CapsLock and F4/Microphone muteMulti-gesture secure touchpad, multitaskingMedia control keys (printed on keyboard): volume up, volume down",NA,NA,NA,NA,NA,NA,NA,NA,NA,NA,NA,NA,NA,NA,NA,NA,NA,NA,NA,NA,NA,NA,NA,NA,NA,NA,NA,NA,NA,NA,NA
15,Microsoft Surface Pro 9 (Intel Core i5 12th Gen / 8GB RAM/ 256GB SSD/ 13 inch (33.2 cm) 120Hz Display/ Intel Iris Xe Graphics/ Win11)QEZ-00031,https://www.vijaysales.com/microsoft-surface-pro-9-qez-00031-intel-core-i5-12th-gen-8gb-ram-256gb-ssd-13-inch-33-2-cm-display-intel-iris-xe-graphics-windows-11/22710,,★4.3,"₹1,16,999","₹1,12,990","3% off (You Save ₹4,009)","Windows 11 Home  
13 inch (33.2 cm) PixelSense™ Flow Display Gorilla® Glass 5 Protection  
Refresh rate up to 120Hz (Dynamic refresh rate supported)  
8GB LPDDR5 RAM  
256 GB SSD  
10.0MP rear-facing autofocus camera with 1080p HD and 4k video  
Front-facing camera with 1080p full HD video  
Preloaded Xbox app  
Xbox Game Pass Ultimate 30-day trial  
Dolby Vision IQ™ support1 Year Manufacturer Warranty",212253,Laptop & Printer,https://www.vijaysales.com/Microsoft-Surface-Pro-9-QEZ-00031-Intel-Core-i5-12th-Gen-8GB-RAM-256GB-SSD-13-inch-33-2-cm-Display-Intel-Iris-Xe-Graphics-Windows-11-22710,"microsoft surface pro 9 (intel core i5 12th gen / 8gb ram/ 256gb ssd/ 13 inch (33.2 cm) 120hz display/ intel iris xe graphics/ win11)qez-00031 best Price in india,buy microsoft surface pro 9 (intel core i5 12th gen / 8gb ram/ 256gb ssd/ 13 inch (33.2 cm) 120hz display/ intel iris xe graphics/ win11)qez-00031 online in India on vijaysales.com,Microsoft Surface Pro 9 (Intel Core i5 12th Gen / 8GB RAM/ 256GB SSD/ 13 inch (33.2 cm) 120Hz Display/ Intel Iris Xe Graphics/ Win11)QEZ-00031 reviews.Microsoft Surface Pro 9 (Intel Core i5 12th Gen / 8GB RAM/ 256GB SSD/ 13 inch (33.2 cm) 120Hz Display/ Intel Iris Xe Graphics/ Win11)QEZ-00031 ratings, features, specifications, Free Shipping, EMI option.",196388073771,https://schema.org/Yes,Microsoft,Surface Pro 9,Acer Nitro V,QEZ-00031,"Integrated,",Gamers,Black,Windows 11 Home,Windows 11 Home,64 bit,Intel,"12th Generation,Intel® Iris® Xe Graphics",Core i5 Intel® Evo™,1235U,,12 MB L3 cache,15.6 inch (39.6 cm),Full HD TFT LCD Display,,1920 x 1080 Pixel,"IPS (In-Plane Switching) Technology
Acer ComfyView™ LED-backlit TFT LCD
16:9 aspect ratio
supporting 144 Hz refresh rate
Wide viewing angle up to 170 degrees
Ultra-slim design
Mercury free, environment friendly",8 GB,Upgradable up to 32 GB of DDR5 system memory (Memory Frequency: Up to 5200 MT/s),,DDR5,NA,,,"Shared,Up to 15.5 hours of typical device usage",,4-Cell,3-pin 135 W AC adapter,USB 3.2 Gen 1 port with power-off chargingUSB 3.2 Gen 1 portUSB Type-C™ port (Thunderbolt™ 4)USB 3.2 Gen 1 port,HDMI® 2.1 port,1 multi-format SD media card reader,Ethernet (RJ-45) port,No,NA,Yes,Touchpad,,Dual Mic (33 mm + 33 mm),T-Type HD camera720p HD video at 30 fps with Temporal Noise ReductionBlue Glass lens 1280 x 720 resolutionCompatible with Windows only,"DTS® X: Ultra Audio, featuring optimized Bass, Loudness, SpeakerProtection with up to 6 custom content modes by smart amplifierSupported in Windows Spatial Sound for PC Gaming with DTS license integratedImmersive audio rendering over headphone",Ethernet (RJ-45) port,Bluetooth® Wireless 5.1 technology,Intel® Wireless Wi-Fi 6 AX201802.11a/b/g/n/acR2+ax wireless LANDual Band (2.4 GHz and 5 GHz)2x2 MU-MIMO technology,,,Kensington lock slot,Yes,Laptop,China,China,COMPAL Electronics CHONGQING Co Ltd No D01 Zone D Air Port Section of LiangLu CunTan Free Trade Port Area YuBei District,"ACER INDIA PRIVATE LIMITED Embassy Heights, 6th Floor, No. 13, Magrath Road, Next to HOSMAT Hospital, Bangalore, INDIA – 560025",COMPAL Electronics CHONGQING Co Ltd No D01 Zone D Air Port Section of LiangLu CunTan Free Trade Port Area YuBei District,,14 Dec 2023,,,,,32.4 x 22.5 x 1.79 cm,1.47 kg,NA,"Full-size, backlit, natural silver keyboard with numeric keypad",NA,NA,Graphite,No,No,13 inch (33.2 cm),PixelSense™ Flow Display,2880 x 1920 Pixels,,Refresh rate up to 120Hz (Dynamic refresh rate supported),"Aspect ratio: 3:2
Contrast ratio 1300:1
Adaptive Color 
Auto Color Management supported
Touch: 10-point multi-touch 
Dolby Vision IQ™ support  
Gorilla® Glass 5",,256 GB,10.0MP,Single Camera Setup,10.0MP rear-facing autofocus camera,Windows Hello face authentication camera (front-facing),Single Camera Setup,Front-facing camera with 1080p full HD video,No,"Rear Camera:-
1080p HD and 4k video

Front Camera:-
1080p full HD video",WiFi 6E: 802.11ax compatible,"2 x USB-C® with USB 4.0/ Thunderbolt™ 4
1 x Surface Connect port
1 x Surface Type Cover port",No,AccelerometerGyroscopeMagnetometerAmbient Colour sensor,Dolby Vision IQ™ support,209 mm,9.3 mm,287 mm,879 grams,NA
16,"Acer Nitro V Gaming Laptop (13th Gen Core i5/ 16GB RAM/ 512GB SSD/ 15.6""(39.62 cm)/ NVIDIA GeForce RTXTM 4050 Graphics/ Win 11/ MSOffice) UNQN8SI003",https://www.vijaysales.com/acer-nitro-v-gaming-laptop-13th-gen-core-i5-16gb-ram-512gb-ssd-15-6-39-62-cm-nvidia-geforce-rtxtm-4050-graphics-win-11-msoffice-unqn8si003/25882,,★5.0,"₹97,000","₹81,990","15% off (You Save ₹15,010)","Windows 11 Home
15.6-inch (39.62 cm) Full HD (1920 x 1080 Pixels) IPS Display
Intel 13th Generation Core i5 Processor
16 GB (1*16) of DDR5 RAM
512 GB , PCIe Gen4, 16 Gb/s, NVMe SSD
NVIDIA® GeForce® RTXTM 4050 with 6 GB of dedicated GDDR6 VRAM Graphics
Dual Microphones (33 mm + 33 mm)
Internal Speakers
Acer Purified.Voice technology with AI noise reduction1 Year Manufacturer Warranty",223691,Laptop & Printer,https://www.vijaysales.com/Acer-Nitro-V-Gaming-Laptop-13th-Gen-Core-i5-16GB-RAM-512GB-SSD-15-6-39-62-cm-NVIDIA-GeForce-RTXTM-4050-Graphics-Win-11-MSOffice-UNQN8SI00325882,"acer nitro v gaming laptop (13th gen core i5/ 16gb ram/ 512gb ssd/ 15.6(39.62 cm)/ nvidia geforce rtxtm 4050 graphics/ win 11/ msoffice) unqn8si003 best Price in india,buy acer nitro v gaming laptop (13th gen core i5/ 16gb ram/ 512gb ssd/ 15.6(39.62 cm)/ nvidia geforce rtxtm 4050 graphics/ win 11/ msoffice) unqn8si003 online in India on vijaysales.com,Acer Nitro V Gaming Laptop (13th Gen Core i5/ 16GB RAM/ 512GB SSD/ 15.6(39.62 cm)/ NVIDIA GeForce RTXTM 4050 Graphics/ Win 11/ MSOffice) UNQN8SI003 reviews.Acer Nitro V Gaming Laptop (13th Gen Core i5/ 16GB RAM/ 512GB SSD/ 15.6(39.62 cm)/ NVIDIA GeForce RTXTM 4050 Graphics/ Win 11/ MSOffice) UNQN8SI003 ratings, features, specifications, Free Shipping, EMI option.",8906170200528,https://schema.org/Yes,Acer,UNQN8SI003,HP Laptop 14s,UNQN8SI003,"Gaming Laptop,Dedicated,57 Wh 4-cell Li-ion battery",Processing & Multitasking,Natural silver,Microsoft Windows,Windows 11 Home Single Language,64 bit,Intel,"Core™ i5,NVIDIA® GeForce® RTXTM 4050",13th Gen,13420H,,10MB,14 inch (35.6 cm),"Diagonal, HD (1366 x 768), micro-edge, BrightView",No,1366 x768 pixels,"250 nits, 45% NTSC",16 GB (1*16) of DDR5 system memory,,2933MHz,DDR4,NA,,(Supports up to 2*1 TB SSD,6 GB of dedicated GDDR6 VRAM,Up to 8 hours and 15 minutes,3-cell,65 W Smart AC power adapter,1 USB Type-C® 5Gbps signaling rate (supports data transfer only and does not support charging or external monitors); 2 USB Type-A 5Gbps signaling rate; 1 AC smart pin,1 HDMI 1.4b,1x Card reader,No,Headset/speaker jac,NA,None,HP Imagepad with multi-touch gesture support; Precision Touchpad support,HP True Vision 720p HD camera,integrated dual array digital microphones,Dual speakers,,No,Supports Bluetooth® 5.1 or above,Realtek RTL8822CE 802.11a/b/g/n/ac (2x2) Wi-Fi®,,No,,Microsoft Office Home and Student,Laptop,China,China,HP,HP India Sales Pvt. Ltd.,HP India Sales Pvt. Ltd.,,31 May 2023,,,,,35.8 x 23.5 x 1.9 cm,1.85 kg,NA,"Non-backlit, English",NA,NA,NA,NA,NA,NA,NA,NA,NA,NA,NA,NA,NA,NA,NA,NA,NA,NA,NA,NA,NA,NA,NA,NA,NA,NA,NA,NA,NA,NA,NA
17,HP 14s Laptop (Intel Celeron N4500 Processor / 8 GB/ 512 GB SSD/ 14 inch (35.6 cm)/ HP FastCharge Intel UHD Graphics/ Windows 11/ MS Office) dr3002TU,https://www.vijaysales.com/hp-14s-dr3002tu-laptop-intel-celeron-n4500-processor-8-gb-ram-512-gb-ssd-14-inch-35-6-cm-display-intel-uhd-graphics-windows-11-office/24213,,★4.5,"₹33,000","₹25,799","22% off (You Save ₹7,201)","Windows 11 Home Single Language
14 inch (35.6 cm) Diagonal, HD (1366 x 768), micro-edge, BrightView Display
Intel® Celeron® N4500 Processor
8GB (1x8GB) RAM
512 GB PCIe® NVMe™ M.2 SSD
Intel®UHDGraphics
Dual speakers1 Year Manufacturer Warranty",218767,Laptop & Printer,https://www.vijaysales.com/HP-14s-dr3002TU-Laptop-Intel-Celeron-N4500-Processor-8-GB-RAM-512-GB-SSD-14-inch-35-6-cm-Display-Intel-UHD-Graphics-Windows-11-Office-24213,"hp 14s laptop (intel celeron n4500 processor / 8 gb/ 512 gb ssd/ 14 inch (35.6 cm)/ hp fastcharge intel uhd graphics/ windows 11/ ms office) dr3002tu best Price in india,buy hp 14s laptop (intel celeron n4500 processor / 8 gb/ 512 gb ssd/ 14 inch (35.6 cm)/ hp fastcharge intel uhd graphics/ windows 11/ ms office) dr3002tu online in India on vijaysales.com,HP 14s Laptop (Intel Celeron N4500 Processor / 8 GB/ 512 GB SSD/ 14 inch (35.6 cm)/ HP FastCharge Intel UHD Graphics/ Windows 11/ MS Office) dr3002TU reviews.HP 14s Laptop (Intel Celeron N4500 Processor / 8 GB/ 512 GB SSD/ 14 inch (35.6 cm)/ HP FastCharge Intel UHD Graphics/ Windows 11/ MS Office) dr3002TU ratings, features, specifications, Free Shipping, EMI option.",0,https://schema.org/Yes,HP,14s-dr3002TU,HP Laptop 15s,14SDR3002TU,"Thin and Light Laptop,Integrated,41 Wh Li-ion",Processing & Multitasking,Natural Silver,Microsoft Windows,Windows 11 Home,64 bit,Intel®,"Intel® Celeron®,Intel®UHDGraphics",,N4500,"Up to 2.8 GHz burst frequency,",4 MB L3 cache,15.6 inch (39.6 cm),"Diagonal, FHD (1920 x 1080), IPS, micro-edge, anti-glare display",No,1920 x 1080 pixels,"250 nits, 45% NTSC",8GB (1x8GB),,3200 MHz,DDR4,NA,,,Shared,Up to 7 hours and 30 minutes,3-cell,65 W Smart AC power adapter,1 SuperSpeed USB Type-C® 5Gbps signaling rate; 2 SuperSpeed USB Type-A 5Gbps signaling rate,1 HDMI 1.4b,,,1 headphone/microphone combo,NA,,HP Imagepad with multi-touch gesture support; Precision Touchpad Support,HP True Vision 720p HD camera with temporal noise reduction,Integrated dual array digital microphones,Dual speakers,,,Bluetooth® 5.0,Realtek RTL8822CE 802.11a/b/g/n/ac (2x2) Wi-Fi®,McAfee LiveSafe™ 30-day trial offer (Internet access required. First 30 days included. Subscription required for live updates afterwards.),None,,Office Home & Student 2021,Laptop,China,China,HP,HP India Sales Pvt. Ltd.,HP India Sales Pvt. Ltd.,,24 Jun 2022,,,,,359.2 x 236.5 x 19.9 mm,1.63 Kg,NA,"Full-size, soft grey keyboard with numeric keypad",NA,NA,NA,NA,NA,NA,NA,NA,NA,NA,NA,NA,NA,NA,NA,NA,NA,NA,NA,NA,NA,NA,NA,NA,NA,NA,NA,NA,NA,NA,NA
18,HP 15s Laptop (12th Gen Intel Core i5 / 8 GB RAM / 512 GB SSD /15.6 inch (39.6 cm) FHD Display / Intel Iris Xe Graphic / Win 11/ MSOffice) fr5007T,https://www.vijaysales.com/hp-15s-fr5007tu-laptop-12th-gen-intel-core-i5-8-gb-ram-512-gb-ssd-15-6-inch-39-6-cm-display-intel-iris-xe-graphic-win-11-mso/20919,,★5.0,"₹68,000","₹50,790","25% off (You Save ₹17,210)","Windows 11 Home
15.6 inch (39.6 cm) Diagonal, FHD (1920 x 1080), IPS, micro-edge, anti-glare display
12th Generation Core i5 Processor
8 GB  (2 x 4 GB) RAM
512 GB PCIe® NVMe™ M.2 SSD
Intel Iris Xe Graphics
Dual speakers1 Year Manufacturer Warranty",204097,Laptop & Printer,https://www.vijaysales.com/HP-15s-fr5007TU-Laptop-12th-Gen-Intel-Core-i5-8-GB-RAM-512-GB-SSD-15-6-inch-39-6-cm-Display-Intel-Iris-Xe-Graphic-Win-11-MSO-20919,"hp 15s laptop (12th gen intel core i5 / 8 gb ram / 512 gb ssd /15.6 inch (39.6 cm) fhd display / intel iris xe graphic / win 11/ msoffice) fr5007t best Price in india,buy hp 15s laptop (12th gen intel core i5 / 8 gb ram / 512 gb ssd /15.6 inch (39.6 cm) fhd display / intel iris xe graphic / win 11/ msoffice) fr5007t online in India on vijaysales.com,HP 15s Laptop (12th Gen Intel Core i5 / 8 GB RAM / 512 GB SSD /15.6 inch (39.6 cm) FHD Display / Intel Iris Xe Graphic / Win 11/ MSOffice) fr5007T reviews.HP 15s Laptop (12th Gen Intel Core i5 / 8 GB RAM / 512 GB SSD /15.6 inch (39.6 cm) FHD Display / Intel Iris Xe Graphic / Win 11/ MSOffice) fr5007T ratings, features, specifications, Free Shipping, EMI option.",0,https://schema.org/Yes,HP,15s-fr5007TU,IdeaPad 3 15IAU7,15SFR5007TU,"Thin and Light Laptop,Integrated,41 Wh Li-ion",Processing & Multitasking,Arctic Grey,Microsoft Windows,"Windows® 11 Home Single Language, English",64 bit,Intel,"Core i5,Intel Iris Xe Graphics",12th Generation,1235U,Up to 4.4 GHz with Intel® Turbo Boost Technology,NA,15.6 inch (39.62cm),FHD Anti-glare Display,None,1920 x 1080 pixels,TN 250nits,8 GB  (2 x 4 GB),Up to 16GB (8GB soldered + 8GB SO-DIMM) DDR4-3200 offering,3200 MHz,"One memory soldered to systemboard, one DDR4 SO-DIMM slot, dual-channel capable",NA,,,Shared,,,65W Round Tip (3-pin),"1x USB 2.0
1x USB 3.2 Gen 1
1x USB-C® 3.2 Gen 1 (support data transfer, Power Delivery and DisplayPort™ 1.2)",1x HDMI® 1.4b,NA,,1 headphone/microphone combo,NA,NA,,HD 720p with Privacy Shutter,"2x, Array",Stereo speakers,"1.5W x2, Dolby® Audio™",No Onboard Ethernet,Bluetooth® 5.0,"Wi-Fi® 6, 11ax 2x2",,None,,No,Laptop,China,China,Hefei Bitland Information Technology Co.,"Lenovo (India) Private Limited, RBD Icon, Level 2, Doddenakundi Village, Marathahalli Outer Ring Road, K. R. Puram Hobli, Bangalore 560037, Karnataka, India",Hefei Bitland Information Technology Co.,,07 Oct 2023,,,,,35.98 x 23.6 x 1.86 cm,1.59 Kg,NA,NA,NA,NA,NA,NA,NA,NA,NA,NA,NA,NA,NA,NA,NA,NA,NA,NA,NA,NA,NA,NA,NA,NA,NA,NA,NA,NA,NA,NA,NA,NA,NA
19,Lenovo IdeaPad 3 (12th Gen Core i3/ 8 GB RAM DDR 4/ 256 GB SSD/ 15.6 inch (39.62cm) Full HD Display/ Intel UHD Graphics/ Win 11/ Office) 82RK00WXIN,https://www.vijaysales.com/lenovo-ideapad-3-15iau7-12th-gen-core-i3-8-gb-ram-256-gb-ssd-15-6-inch-39-62cm-display-intel-uhd-graphics-win-11-office-82rk00wxin/25452,,★4.4,"₹57,500","₹33,490","42% off (You Save ₹24,010)","Windows® 11 Home Single Language, English
15.6 inch (39.62cm) FHD Anti-glare Display
Intel® Core™ i3-1215U Processor
8GB Soldered DDR4-3200 RAM
256GB SSD M.2 2242 PCIe® 4.0x4 NVMe®
Integrated Intel® UHD Graphics
Stereo speakers, 1.5W x2, Dolby® Audio™1 Year Manufacturer Warranty",222460,Laptop & Printer,https://www.vijaysales.com/Lenovo-IdeaPad-3-15IAU7-12th-Gen-Core-i3-8-GB-RAM-256-GB-SSD-15-6-inch-39-62cm-Display-Intel-UHD-Graphics-Win-11-Office-82RK00WXIN25452,"lenovo ideapad 3 (12th gen core i3/ 8 gb ram ddr 4/ 256 gb ssd/ 15.6 inch (39.62cm) full hd display/ intel uhd graphics/ win 11/ office) 82rk00wxin best Price in india,buy lenovo ideapad 3 (12th gen core i3/ 8 gb ram ddr 4/ 256 gb ssd/ 15.6 inch (39.62cm) full hd display/ intel uhd graphics/ win 11/ office) 82rk00wxin online in India on vijaysales.com,Lenovo IdeaPad 3 (12th Gen Core i3/ 8 GB RAM DDR 4/ 256 GB SSD/ 15.6 inch (39.62cm) Full HD Display/ Intel UHD Graphics/ Win 11/ Office) 82RK00WXIN reviews.Lenovo IdeaPad 3 (12th Gen Core i3/ 8 GB RAM DDR 4/ 256 GB SSD/ 15.6 inch (39.62cm) Full HD Display/ Intel UHD Graphics/ Win 11/ Office) 82RK00WXIN ratings, features, specifications, Free Shipping, EMI option.",197532440630,https://schema.org/Yes,LENOVO,82RK00WXIN,HP Laptop,82RK00WXIN,"Thin and Light Laptop,Integrated,Integrated 45Wh",Multitasking & Processing,Natural silver,Microsoft Windows,Windows 11 Home Single Language,64 bit,Intel,"Core i3,Intel® UHD Graphics",12th Generation,Intel® SoC Platform,3.3GHz,NA,15.6 inch (39.6 cm),diagonal,No,FHD (1920 x 1080),"micro-edge, anti-glare, 250 nits, 45% NTSC",8GB Soldered DDR4-3200,,5500 MHz,DDR5,NA,,,Shared,Up to 10 hours and 30 minutesSupports battery fast charge: approximately 50% in 45 minutes,3-cell,65 W Smart AC power adapter,1 USB Type-C® 5Gbps signaling rate (supports data transfer only and does not support charging or external monitors)2 USB Type-A 5Gbps signaling rate,1 HDMI 1.4b,NA,No,1x Headphone / microphone combo jack (3.5mm),NA,NA,HP Imagepad; Precision Touchpad support,HP True Vision 1080p FHD camera with temporal noise reduction and integrated dual array digital microphones,,Dual speakers,,No,Bluetooth 5.1,Realtek Wi-Fi 6 (1x1),McAfee Online Protection 30-day trial,No,,NA,Laptop,China,China,HP,HP India Sales Pvt. Ltd.,HP India Sales Pvt. Ltd.,,08 Apr 2024,NA,NA,NA,NA,NA,NA,NA,NA,NA,NA,NA,NA,NA,NA,NA,NA,NA,NA,NA,NA,NA,NA,NA,NA,NA,NA,NA,NA,NA,NA,NA,NA,NA,NA,NA,NA,NA,NA,NA
20,HP Laptop 15-fc0154AU (AMD Ryzen 3/ 8GB RAM/ 512GB SSD/ 15.6 inch (39.6 cm) FHD Display/ AMD Radeon™ Graphics/ Windows 11) 15-fc0154AU,https://www.vijaysales.com/hp-laptop-15-fc0154au-amd-ryzen-3-8gb-ram-512gb-ssd-15-6-inch-39-6-cm-fhd-display-amd-radeon-graphics-windows-11-15-fc0154au/27048,,★4.5,"₹45,995","₹34,999","24% off (You Save ₹10,996)","Windows 11 Home Single Language
15.6 inch (39.6 cm) FHD (1920 x 1080) Display
AMD Ryzen™ 3 processor
8 GB LPDDR5-5500 MHz RAM
512 GB PCIe® NVMe™ M.2 SSD
AMD Radeon™ Graphics
Full-size, Soft Grey Keyboard with Numeric Keypad
Realtek Wi-Fi 6 (1x1) and Bluetooth® 5.31 Year Manufacturer Warranty",227548,Laptop & Printer,https://www.vijaysales.com/HP-Laptop-15-fc0154AU-AMD-Ryzen-3-8GB-RAM-512GB-SSD-15-6-inch-39-6-cm-FHD-Display-AMD-Radeon-Graphics-Windows-11-15-fc0154AU27048,"hp laptop 15-fc0154au (amd ryzen 3/ 8gb ram/ 512gb ssd/ 15.6 inch (39.6 cm) fhd display/ amd radeon™ graphics/ windows 11) 15-fc0154au best Price in india,buy hp laptop 15-fc0154au (amd ryzen 3/ 8gb ram/ 512gb ssd/ 15.6 inch (39.6 cm) fhd display/ amd radeon™ graphics/ windows 11) 15-fc0154au online in India on vijaysales.com,HP Laptop 15-fc0154AU (AMD Ryzen 3/ 8GB RAM/ 512GB SSD/ 15.6 inch (39.6 cm) FHD Display/ AMD Radeon™ Graphics/ Windows 11) 15-fc0154AU reviews.HP Laptop 15-fc0154AU (AMD Ryzen 3/ 8GB RAM/ 512GB SSD/ 15.6 inch (39.6 cm) FHD Display/ AMD Radeon™ Graphics/ Windows 11) 15-fc0154AU ratings, features, specifications, Free Shipping, EMI option.",197961374735,https://schema.org/Yes,HP,15-fc0154AU,NA,15FC0154AU,"Thin & Light Laptop,Integrated,41 Wh Li-ion polymer",NA,NA,Microsoft Windows,NA,NA,AMD,"Ryzen™ 3,AMD Radeon™ Graphics",7320U,AMD integrated SoC,up to 4.1 GHz max boost clock,NA,NA,NA,NA,NA,NA,8 GB LPDDR5-5500 MHz RAM,NA,NA,NA,NA,NA,,Shared,NA,NA,NA,NA,NA,NA,NA,1 headphone/microphone combo,NA,NA,NA,NA,NA,NA,NA,NA,Bluetooth® 5.3 wireless card,NA,NA,NA,NA,NA,NA,NA,NA,NA,NA,NA,NA,NA,NA,NA,NA,NA,NA,NA,NA,NA,NA,NA,NA,NA,NA,NA,NA,NA,NA,NA,NA,NA,NA,NA,NA,NA,NA,NA,NA,NA,NA,NA,NA,NA,NA,NA,NA,NA,NA,NA,"1 AC smart pin,"
